{
  "project_info": {
    "project_number": "953023704230",
    "project_id": "profilescreen-16350",
    "storage_bucket": "profilescreen-16350.firebasestorage.app"
  },
  "client": [
    {
      "client_info": {
        "mobilesdk_app_id": "1:953023704230:android:9667958fae349207aed867",
        "android_client_info": {
          "package_name": "com.example.login_signup"
        }
      },
      "oauth_client": [],
      "api_key": [
        {
          "current_key": "AIzaSyBSyZ6C1tZQARgHVpZDWy8rZ6YjpHzrlmU"
        }
      ],
      "services": {
        "appinvite_service": {
          "other_platform_oauth_client": []
        }
      }
    }
  ],
  "configuration_version": "1"
}